customer_id,customer_name,rank,record_id,title,product_url,price_gbp,rating,category,reason
C001,Avery,1,709822d0b5bcb7f4,Thirst,https://books.toscrape.com/catalogue/thirst_946/index.html,17.27,5,Fiction,Fiction matches your preference; £17.27 is within your £30.00 budget; 5/5 meets your 3/5 minimum rating.
C002,Blake,1,5dada2b7be26bd03,The Elephant Tree,https://books.toscrape.com/catalogue/the-elephant-tree_968/index.html,23.82,5,Thriller,Thriller matches your preference; £23.82 is within your £25.00 budget; 5/5 meets your 3/5 minimum rating.
C003,Casey,1,c2e46a2ee3b4a322,Chase Me (Paris Nights #2),https://books.toscrape.com/catalogue/chase-me-paris-nights-2_977/index.html,25.27,5,Romance,Romance matches your preference; £25.27 is within your £35.00 budget; 5/5 meets your 2/5 minimum rating.
C003,Casey,2,00bfed9e18bb36f3,Black Dust,https://books.toscrape.com/catalogue/black-dust_976/index.html,34.53,5,Romance,Romance matches your preference; £34.53 is within your £35.00 budget; 5/5 meets your 2/5 minimum rating.
C004,Devon,1,0e691eda369f4e09,Princess Between Worlds (Wide-Awake Princess #5),https://books.toscrape.com/catalogue/princess-between-worlds-wide-awake-princess-5_919/index.html,13.34,5,Fantasy,Fantasy matches your preference; £13.34 is within your £40.00 budget; 5/5 meets your 3/5 minimum rating.
C004,Devon,2,18ad3ed896c7ce05,Join,https://books.toscrape.com/catalogue/join_902/index.html,35.67,5,Science Fiction,Science Fiction matches your preference; £35.67 is within your £40.00 budget; 5/5 meets your 3/5 minimum rating.
C004,Devon,3,7ae099f3898e0209,Unicorn Tracks,https://books.toscrape.com/catalogue/unicorn-tracks_951/index.html,18.78,3,Fantasy,Fantasy matches your preference; £18.78 is within your £40.00 budget; 3/5 meets your 3/5 minimum rating.
C005,Emery,1,72f9d5be3472d34e,"Mama Tried: Traditional Italian Cooking for the Screwed, Crude, Vegan, and Tattooed",https://books.toscrape.com/catalogue/mama-tried-traditional-italian-cooking-for-the-screwed-crude-vegan-and-tattooed_908/index.html,14.02,4,Food and Drink,Food and Drink matches your preference; £14.02 is within your £45.00 budget; 4/5 meets your 2/5 minimum rating.
C005,Emery,2,5674a18a29a43ced,"Foolproof Preserving: A Guide to Small Batch Jams, Jellies, Pickles, Condiments, and More: A Foolproof Guide to Making Small Batch Jams, Jellies, Pickles, Condiments, and More",https://books.toscrape.com/catalogue/foolproof-preserving-a-guide-to-small-batch-jams-jellies-pickles-condiments-and-more-a-foolproof-guide-to-making-small-batch-jams-jellies-pickles-condiments-and-more_978/index.html,30.52,3,Food and Drink,Food and Drink matches your preference; £30.52 is within your £45.00 budget; 3/5 meets your 2/5 minimum rating.
C005,Emery,3,784bc2279baa878d,My Paris Kitchen: Recipes and Stories,https://books.toscrape.com/catalogue/my-paris-kitchen-recipes-and-stories_910/index.html,33.37,2,Food and Drink,Food and Drink matches your preference; £33.37 is within your £45.00 budget; 2/5 meets your 2/5 minimum rating.
C006,Finley,1,0fa6dceead7ce47a,"Princess Jellyfish 2-in-1 Omnibus, Vol. 01 (Princess Jellyfish 2-in-1 Omnibus #1)",https://books.toscrape.com/catalogue/princess-jellyfish-2-in-1-omnibus-vol-01-princess-jellyfish-2-in-1-omnibus-1_920/index.html,13.61,5,Sequential Art,Sequential Art matches your preference; £13.61 is within your £40.00 budget; 5/5 meets your 3/5 minimum rating.
C006,Finley,2,889139b8e9c4cb36,"Outcast, Vol. 1: A Darkness Surrounds Him (Outcast #1)",https://books.toscrape.com/catalogue/outcast-vol-1-a-darkness-surrounds-him-outcast-1_915/index.html,15.44,4,Sequential Art,Sequential Art matches your preference; £15.44 is within your £40.00 budget; 4/5 meets your 3/5 minimum rating.
C006,Finley,3,51653ef291ab7ddc,This One Summer,https://books.toscrape.com/catalogue/this-one-summer_947/index.html,19.49,4,Sequential Art,Sequential Art matches your preference; £19.49 is within your £40.00 budget; 4/5 meets your 3/5 minimum rating.
C007,Gray,0,NO_MATCH,No qualifying products found,,,,,"No products in the catalogue matched preferences (Historical Fiction|History), budget (£28.00), and minimum rating (3/5)."
C008,Harper,1,c27f6e1f185b0383,#HigherSelfie: Wake Up Your Life. Free Your Soul. Find Your Tribe.,https://books.toscrape.com/catalogue/higherselfie-wake-up-your-life-free-your-soul-find-your-tribe_957/index.html,23.11,5,Nonfiction,Nonfiction matches your preference; £23.11 is within your £32.00 budget; 5/5 meets your 4/5 minimum rating.
C008,Harper,2,b136b1b180ca753a,In the Country We Love: My Family Divided,https://books.toscrape.com/catalogue/in-the-country-we-love-my-family-divided_901/index.html,22.00,4,Nonfiction,Nonfiction matches your preference; £22.00 is within your £32.00 budget; 4/5 meets your 4/5 minimum rating.
C009,Indigo,1,657fe5ead67a7767,Untitled Collection: Sabbath Poems 2014,https://books.toscrape.com/catalogue/untitled-collection-sabbath-poems-2014_953/index.html,14.27,4,Poetry,Poetry matches your preference; £14.27 is within your £20.00 budget; 4/5 meets your 2/5 minimum rating.
C010,Jordan,0,NO_MATCH,No qualifying products found,,,,,"No products in the catalogue matched preferences (Philosophy|Science), budget (£1.00), and minimum rating (5/5)."
